APIB_IND,COUNTY_CODE,COUNTY_NAME,tested_student_cnt,tested_cnt_valid,proficiency_cnt_valid,high_score_cnt_valid,is_suppressed,proficiency_rate,high_score_rate,valid_coverage,record_count
AP,1.0,ALBANY,3923,3845,3097.0,2231.0,36,0.8054616384915475,0.5802340702210663,0.9801172572011216,88
AP,10.0,COLUMBIA,293,284,201.0,115.0,5,0.7077464788732394,0.40492957746478875,0.9692832764505119,18
AP,11.0,CORTLAND,202,188,142.0,86.0,7,0.7553191489361702,0.4574468085106383,0.9306930693069307,14
AP,12.0,DELAWARE,107,81,63.0,36.0,10,0.7777777777777778,0.4444444444444444,0.7570093457943925,19
AP,13.0,DUTCHESS,2758,2716,1930.0,1132.0,20,0.7106038291605302,0.4167893961708395,0.9847715736040609,75
AP,14.0,ERIE,11230,11107,7721.0,4708.0,29,0.6951472044656523,0.42387683442873864,0.989047195013357,105
AP,15.0,ESSEX,79,68,51.0,28.0,5,0.75,0.4117647058823529,0.8607594936708861,9
AP,16.0,FRANKLIN,142,140,108.0,54.0,2,0.7714285714285715,0.38571428571428573,0.9859154929577465,9
AP,17.0,FULTON,204,169,108.0,51.0,17,0.6390532544378699,0.30177514792899407,0.8284313725490197,26
AP,18.0,GENESEE,531,517,402.0,226.0,10,0.7775628626692457,0.437137330754352,0.9736346516007532,28
AP,19.0,GREENE,234,198,130.0,68.0,17,0.6565656565656566,0.3434343434343434,0.8461538461538461,26
AP,2.0,ALLEGANY,87,76,58.0,37.0,5,0.7631578947368421,0.4868421052631579,0.8735632183908046,11
AP,20.0,HAMILTON,13,5,1.0,1.0,5,0.2,0.2,0.38461538461538464,6
AP,21.0,HERKIMER,187,186,82.0,25.0,1,0.44086021505376344,0.13440860215053763,0.9946524064171123,9
AP,22.0,JEFFERSON,180,165,107.0,62.0,7,0.6484848484848484,0.37575757575757573,0.9166666666666666,16
AP,23.0,LEWIS,61,42,34.0,23.0,9,0.8095238095238095,0.5476190476190477,0.6885245901639344,13
AP,24.0,LIVINGSTON,741,716,528.0,306.0,13,0.7374301675977654,0.4273743016759777,0.9662618083670715,37
AP,25.0,MADISON,808,785,557.0,334.0,11,0.7095541401273885,0.42547770700636944,0.9715346534653465,28
AP,26.0,MONROE,11831,11769,9011.0,5999.0,40,0.7656555357294588,0.5097289489336392,0.9947595300481785,114
AP,27.0,MONTGOMERY,230,226,108.0,55.0,2,0.4778761061946903,0.24336283185840707,0.9826086956521739,11
AP,28.0,NASSAU,54304,54250,41187.0,26474.0,25,0.7592073732718894,0.488,0.9990055981143194,134
AP,3.0,BROOME,715,688,450.0,245.0,13,0.6540697674418605,0.3561046511627907,0.9622377622377623,38
AP,31.0,NEW YORK,21484,21417,13185.0,8742.0,30,0.6156324415184199,0.4081804174254097,0.996881400111711,130
AP,32.0,BRONX,15411,15337,8277.0,5536.0,22,0.539675295038143,0.3609571624176827,0.9951982350269288,104
AP,33.0,KINGS,34896,34863,22019.0,14187.0,14,0.6315864957117862,0.40693571981757165,0.999054332874828,121
AP,34.0,QUEENS,32980,32941,17666.0,9461.0,20,0.5362921587079931,0.2872104671989314,0.998817465130382,119
AP,35.0,RICHMOND,8759,8712,5593.0,3458.0,19,0.6419880624426079,0.3969237832874197,0.9946340906496175,75
AP,4.0,CATTARAUGUS,230,214,143.0,68.0,7,0.6682242990654206,0.3177570093457944,0.9304347826086956,17
AP,40.0,NIAGARA,1956,1929,1224.0,605.0,18,0.6345256609642301,0.31363400725764645,0.9861963190184049,46
AP,41.0,ONEIDA,2387,2357,1503.0,814.0,20,0.6376750106067034,0.3453542638947815,0.9874319229157938,55
AP,42.0,ONONDAGA,3799,3750,3111.0,2091.0,28,0.8296,0.5576,0.9871018689128718,78
AP,43.0,ONTARIO,2212,2179,1664.0,1052.0,14,0.7636530518586507,0.4827902707664066,0.9850813743218807,50
AP,44.0,ORANGE,3399,3353,2259.0,1374.0,19,0.6737250223680287,0.4097822845213242,0.9864666078258312,68
AP,45.0,ORLEANS,205,196,119.0,53.0,5,0.6071428571428571,0.27040816326530615,0.9560975609756097,17
AP,46.0,OSWEGO,459,430,319.0,168.0,13,0.7418604651162791,0.39069767441860465,0.9368191721132898,30
AP,47.0,OTSEGO,119,112,81.0,47.0,6,0.7232142857142857,0.41964285714285715,0.9411764705882353,12
AP,48.0,PUTNAM,1511,1475,1076.0,679.0,18,0.7294915254237289,0.4603389830508475,0.9761747187293184,63
AP,49.0,RENSSELAER,1079,1037,699.0,425.0,18,0.6740597878495661,0.4098360655737705,0.9610750695088045,44
AP,5.0,CAYUGA,427,409,282.0,167.0,10,0.6894865525672371,0.4083129584352078,0.9578454332552693,24
AP,50.0,ROCKLAND,4690,4660,3686.0,2455.0,18,0.7909871244635193,0.526824034334764,0.9936034115138592,90
AP,51.0,SAINT LAWRENCE,274,257,220.0,114.0,9,0.8560311284046692,0.44357976653696496,0.9379562043795621,21
AP,52.0,SARATOGA,2747,2715,2293.0,1573.0,19,0.8445672191528545,0.5793738489871086,0.9883509282854023,60
AP,53.0,SCHENECTADY,1145,1098,918.0,624.0,29,0.8360655737704918,0.5683060109289617,0.9589519650655022,64
AP,54.0,SCHOHARIE,155,145,114.0,73.0,5,0.7862068965517242,0.503448275862069,0.9354838709677419,14
AP,55.0,SCHUYLER,39,33,20.0,11.0,3,0.6060606060606061,0.3333333333333333,0.8461538461538461,5
AP,56.0,SENECA,62,52,37.0,20.0,6,0.7115384615384616,0.38461538461538464,0.8387096774193549,10
AP,57.0,STEUBEN,370,350,238.0,131.0,9,0.68,0.3742857142857143,0.9459459459459459,22
AP,58.0,SUFFOLK,37700,37591,28555.0,17012.0,53,0.7596233140911388,0.4525551328775505,0.9971087533156499,157
AP,59.0,SULLIVAN,192,164,80.0,34.0,14,0.4878048780487805,0.2073170731707317,0.8541666666666666,20
AP,6.0,CHAUTAUQUA,748,727,540.0,337.0,14,0.7427785419532325,0.46354883081155435,0.9719251336898396,41
AP,60.0,TIOGA,68,52,29.0,11.0,6,0.5576923076923077,0.21153846153846154,0.7647058823529411,10
AP,61.0,TOMPKINS,1159,1128,981.0,788.0,20,0.8696808510638298,0.6985815602836879,0.9732528041415013,53
AP,62.0,ULSTER,1505,1462,1060.0,625.0,21,0.7250341997264022,0.4274965800273598,0.9714285714285714,59
AP,63.0,WARREN,425,406,320.0,197.0,11,0.7881773399014779,0.4852216748768473,0.9552941176470588,25
AP,64.0,WASHINGTON,241,217,146.0,82.0,11,0.6728110599078341,0.3778801843317972,0.9004149377593361,22
AP,65.0,WAYNE,398,369,275.0,143.0,12,0.7452574525745257,0.3875338753387534,0.9271356783919598,24
AP,66.0,WESTCHESTER,24879,24820,19317.0,13340.0,27,0.7782836422240129,0.5374697824335214,0.997628522046706,131
AP,67.0,WYOMING,135,113,64.0,29.0,7,0.5663716814159292,0.25663716814159293,0.837037037037037,16
AP,68.0,YATES,52,51,37.0,10.0,1,0.7254901960784313,0.19607843137254902,0.9807692307692307,4
AP,7.0,CHEMUNG,157,146,146.0,97.0,8,1.0,0.6643835616438356,0.9299363057324841,14
AP,8.0,CHENANGO,170,152,111.0,71.0,7,0.7302631578947368,0.46710526315789475,0.8941176470588236,15
AP,9.0,CLINTON,499,471,312.0,177.0,12,0.6624203821656051,0.37579617834394907,0.9438877755511023,30
IB,1.0,ALBANY,14,6,4.0,3.0,5,0.6666666666666666,0.5,0.42857142857142855,6
IB,13.0,DUTCHESS,154,126,115.0,73.0,15,0.9126984126984127,0.5793650793650794,0.8181818181818182,26
IB,14.0,ERIE,545,527,371.0,181.0,7,0.7039848197343453,0.34345351043643263,0.9669724770642202,25
IB,19.0,GREENE,64,55,35.0,9.0,6,0.6363636363636364,0.16363636363636364,0.859375,12
IB,26.0,MONROE,580,541,356.0,142.0,10,0.6580406654343808,0.26247689463955637,0.9327586206896552,33
IB,28.0,NASSAU,2538,2523,1813.0,881.0,9,0.7185889813713833,0.3491874752279033,0.9940898345153665,51
IB,3.0,BROOME,285,257,120.0,43.0,12,0.4669260700389105,0.16731517509727625,0.9017543859649123,29
IB,31.0,NEW YORK,884,819,519.0,315.0,4,0.6336996336996337,0.38461538461538464,0.9264705882352942,18
IB,32.0,BRONX,113,90,29.0,4.0,3,0.32222222222222224,0.044444444444444446,0.7964601769911505,10
IB,33.0,KINGS,73,62,24.0,5.0,5,0.3870967741935484,0.08064516129032258,0.8493150684931506,10
IB,34.0,QUEENS,502,500,424.0,272.0,2,0.848,0.544,0.9960159362549801,11
IB,42.0,ONONDAGA,181,169,61.0,21.0,3,0.3609467455621302,0.1242603550295858,0.9337016574585635,11
IB,43.0,ONTARIO,50,48,34.0,12.0,2,0.7083333333333334,0.25,0.96,7
IB,48.0,PUTNAM,190,177,154.0,83.0,4,0.8700564971751412,0.4689265536723164,0.9315789473684211,11
IB,50.0,ROCKLAND,128,101,85.0,44.0,13,0.8415841584158416,0.43564356435643564,0.7890625,23
IB,51.0,SAINT LAWRENCE,46,40,33.0,21.0,3,0.825,0.525,0.8695652173913043,7
IB,52.0,SARATOGA,76,65,55.0,27.0,4,0.8461538461538461,0.4153846153846154,0.8552631578947368,8
IB,53.0,SCHENECTADY,214,201,130.0,54.0,5,0.6467661691542289,0.26865671641791045,0.9392523364485982,16
IB,57.0,STEUBEN,325,291,263.0,157.0,18,0.9037800687285223,0.5395189003436426,0.8953846153846153,33
IB,58.0,SUFFOLK,2558,2543,2039.0,1048.0,9,0.8018088871411718,0.4121116791191506,0.9941360437842064,60
IB,63.0,WARREN,187,173,158.0,120.0,7,0.9132947976878613,0.6936416184971098,0.9251336898395722,18
IB,65.0,WAYNE,83,71,58.0,23.0,6,0.8169014084507042,0.323943661971831,0.8554216867469879,11
IB,66.0,WESTCHESTER,3313,3219,2228.0,1091.0,40,0.6921404162783473,0.3389251320285803,0.9716269242378509,130
