APIB_IND,aggregation_index,SUBGROUP_CODE,SUBGROUP_NAME,suppressed_records,record_count,suppressed_share_records
AP,0,1,All Students,32,180,0.17777777777777778
AP,0,10,General Education Students,29,175,0.1657142857142857
AP,0,11,Students with Disabilities,56,144,0.3888888888888889
AP,0,12,Not English Language Learner,30,177,0.1694915254237288
AP,0,13,English Language Learner,53,112,0.4732142857142857
AP,0,15,Economically Disadvantaged,41,172,0.23837209302325582
AP,0,16,Not Economically Disadvantaged,23,167,0.1377245508982036
AP,0,17,Migrant,9,9,1.0
AP,0,18,Not Migrant,32,180,0.17777777777777778
AP,0,2,Female,29,169,0.17159763313609466
AP,0,20,Homeless,33,119,0.2773109243697479
AP,0,21,Not Homeless,32,180,0.17777777777777778
AP,0,22,In Foster Care,48,56,0.8571428571428571
AP,0,23,Not in Foster Care,32,180,0.17777777777777778
AP,0,24,Parent in Armed Forces,41,61,0.6721311475409836
AP,0,25,Parent Not in Armed Forces,33,180,0.18333333333333332
AP,0,29,Nonbinary,39,51,0.7647058823529411
AP,0,3,Male,29,170,0.17058823529411765
AP,0,4,American Indian/Alaska Native,41,92,0.44565217391304346
AP,0,5,Black,15,128,0.1171875
AP,0,6,Hispanic,36,152,0.23684210526315788
AP,0,7,Asian/Pacific Islander,31,155,0.2
AP,0,8,White,38,165,0.23030303030303031
AP,0,9,Multiracial,34,129,0.26356589147286824
AP,1,1,All Students,199,758,0.262532981530343
AP,1,10,General Education Students,183,738,0.24796747967479674
AP,1,11,Students with Disabilities,224,396,0.5656565656565656
AP,1,12,Not English Language Learner,195,749,0.260347129506008
AP,1,13,English Language Learner,154,242,0.6363636363636364
AP,1,15,Economically Disadvantaged,197,663,0.2971342383107089
AP,1,16,Not Economically Disadvantaged,197,684,0.2880116959064328
AP,1,17,Migrant,11,11,1.0
AP,1,18,Not Migrant,199,758,0.262532981530343
AP,1,2,Female,167,668,0.25
AP,1,20,Homeless,163,285,0.5719298245614035
AP,1,21,Not Homeless,198,757,0.261558784676354
AP,1,22,In Foster Care,83,87,0.9540229885057471
AP,1,23,Not in Foster Care,197,755,0.2609271523178808
AP,1,24,Parent in Armed Forces,95,116,0.8189655172413793
AP,1,25,Parent Not in Armed Forces,199,757,0.2628797886393659
AP,1,29,Nonbinary,99,107,0.9252336448598131
AP,1,3,Male,208,696,0.2988505747126437
AP,1,4,American Indian/Alaska Native,150,217,0.6912442396313364
AP,1,5,Black,174,481,0.36174636174636177
AP,1,6,Hispanic,169,571,0.29597197898423816
AP,1,7,Asian/Pacific Islander,203,554,0.3664259927797834
AP,1,8,White,218,633,0.344391785150079
AP,1,9,Multiracial,191,408,0.4681372549019608
AP,2,1,All Students,892,2794,0.3192555476020043
AP,2,10,General Education Students,870,2767,0.3144199494036863
AP,2,11,Students with Disabilities,562,873,0.6437571592210768
AP,2,12,Not English Language Learner,886,2782,0.3184759166067577
AP,2,13,English Language Learner,269,412,0.6529126213592233
AP,2,15,Economically Disadvantaged,967,2138,0.4522918615528531
AP,2,16,Not Economically Disadvantaged,903,2619,0.3447880870561283
AP,2,17,Migrant,15,15,1.0
AP,2,18,Not Migrant,891,2793,0.31901181525241673
AP,2,2,Female,882,2461,0.3583908980089395
AP,2,20,Homeless,373,618,0.6035598705501618
AP,2,21,Not Homeless,886,2786,0.3180186647523331
AP,2,22,In Foster Care,116,116,1.0
AP,2,23,Not in Foster Care,886,2788,0.31779053084648495
AP,2,24,Parent in Armed Forces,215,225,0.9555555555555556
AP,2,25,Parent Not in Armed Forces,888,2788,0.31850789096126253
AP,2,29,Nonbinary,170,171,0.9941520467836257
AP,2,3,Male,910,2438,0.37325676784249384
AP,2,4,American Indian/Alaska Native,320,399,0.8020050125313283
AP,2,5,Black,592,1139,0.5197541703248464
AP,2,6,Hispanic,810,1576,0.5139593908629442
AP,2,7,Asian/Pacific Islander,802,1718,0.4668218859138533
AP,2,8,White,876,2464,0.3555194805194805
AP,2,9,Multiracial,838,1247,0.6720128307939054
AP,3,1,All Students,4311,11744,0.3670810626702997
AP,3,10,General Education Students,4276,11651,0.3670071238520299
AP,3,11,Students with Disabilities,2103,2513,0.8368483883804219
AP,3,12,Not English Language Learner,4295,11685,0.3675652545999144
AP,3,13,English Language Learner,680,845,0.8047337278106509
AP,3,15,Economically Disadvantaged,4738,8223,0.5761887389030768
AP,3,16,Not Economically Disadvantaged,4525,10749,0.42096939250162807
AP,3,17,Migrant,17,17,1.0
AP,3,18,Not Migrant,4309,11742,0.36697325838869016
AP,3,2,Female,4402,10045,0.43822797411647585
AP,3,20,Homeless,1206,1561,0.7725816784112748
AP,3,21,Not Homeless,4309,11712,0.36791325136612024
AP,3,22,In Foster Care,134,134,1.0
AP,3,23,Not in Foster Care,4304,11737,0.3667035869472608
AP,3,24,Parent in Armed Forces,261,268,0.9738805970149254
AP,3,25,Parent Not in Armed Forces,4308,11736,0.3670756646216769
AP,3,29,Nonbinary,201,201,1.0
AP,3,3,Male,4597,10016,0.4589656549520767
AP,3,4,American Indian/Alaska Native,680,734,0.9264305177111717
AP,3,5,Black,2621,3709,0.7066594769479644
AP,3,6,Hispanic,4171,6482,0.6434742363468066
AP,3,7,Asian/Pacific Islander,4141,6512,0.6359029484029484
AP,3,8,White,4274,9573,0.4464640133709391
AP,3,9,Multiracial,3294,3681,0.8948655256723717
AP,4,1,All Students,6201,16324,0.37987012987012986
AP,4,10,General Education Students,6157,16168,0.3808139534883721
AP,4,11,Students with Disabilities,3336,3671,0.9087442113865432
AP,4,12,Not English Language Learner,6170,16181,0.3813114146220876
AP,4,13,English Language Learner,1024,1178,0.8692699490662139
AP,4,15,Economically Disadvantaged,6715,12246,0.5483423158582394
AP,4,16,Not Economically Disadvantaged,6568,13948,0.4708918841410955
AP,4,17,Migrant,17,17,1.0
AP,4,18,Not Migrant,6199,16322,0.3797941428746477
AP,4,2,Female,6430,14006,0.4590889618734828
AP,4,20,Homeless,2573,2789,0.9225528863391896
AP,4,21,Not Homeless,6190,16210,0.38186304750154226
AP,4,22,In Foster Care,140,140,1.0
AP,4,23,Not in Foster Care,6194,16316,0.3796273596469723
AP,4,24,Parent in Armed Forces,273,279,0.978494623655914
AP,4,25,Parent Not in Armed Forces,6200,16317,0.3799718085432371
AP,4,29,Nonbinary,205,205,1.0
AP,4,3,Male,6626,13696,0.4837908878504673
AP,4,4,American Indian/Alaska Native,981,999,0.9819819819819819
AP,4,5,Black,4361,5906,0.7384016254656282
AP,4,6,Hispanic,6156,9553,0.6444048989846122
AP,4,7,Asian/Pacific Islander,5831,9057,0.6438114165838578
AP,4,8,White,5800,11728,0.4945429740791269
AP,4,9,Multiracial,3950,4284,0.9220354808590103
IB,0,1,All Students,46,161,0.2857142857142857
IB,0,10,General Education Students,48,155,0.3096774193548387
IB,0,11,Students with Disabilities,73,99,0.7373737373737373
IB,0,12,Not English Language Learner,46,160,0.2875
IB,0,13,English Language Learner,27,30,0.9
IB,0,15,Economically Disadvantaged,55,133,0.41353383458646614
IB,0,16,Not Economically Disadvantaged,54,149,0.3624161073825503
IB,0,18,Not Migrant,46,161,0.2857142857142857
IB,0,2,Female,40,141,0.28368794326241137
IB,0,20,Homeless,24,30,0.8
IB,0,21,Not Homeless,47,161,0.2919254658385093
IB,0,22,In Foster Care,1,1,1.0
IB,0,23,Not in Foster Care,46,161,0.2857142857142857
IB,0,24,Parent in Armed Forces,1,1,1.0
IB,0,25,Parent Not in Armed Forces,46,161,0.2857142857142857
IB,0,29,Nonbinary,10,10,1.0
IB,0,3,Male,49,135,0.362962962962963
IB,0,4,American Indian/Alaska Native,24,24,1.0
IB,0,5,Black,66,101,0.6534653465346535
IB,0,6,Hispanic,55,129,0.4263565891472868
IB,0,7,Asian/Pacific Islander,46,96,0.4791666666666667
IB,0,8,White,45,131,0.3435114503816794
IB,0,9,Multiracial,47,72,0.6527777777777778
IB,1,1,All Students,98,346,0.2832369942196532
IB,1,10,General Education Students,92,333,0.27627627627627627
IB,1,11,Students with Disabilities,126,153,0.8235294117647058
IB,1,12,Not English Language Learner,99,345,0.28695652173913044
IB,1,13,English Language Learner,33,34,0.9705882352941176
IB,1,15,Economically Disadvantaged,129,286,0.45104895104895104
IB,1,16,Not Economically Disadvantaged,121,318,0.3805031446540881
IB,1,18,Not Migrant,98,346,0.2832369942196532
IB,1,2,Female,98,309,0.31715210355987056
IB,1,20,Homeless,44,47,0.9361702127659575
IB,1,21,Not Homeless,99,346,0.2861271676300578
IB,1,22,In Foster Care,1,1,1.0
IB,1,23,Not in Foster Care,98,346,0.2832369942196532
IB,1,24,Parent in Armed Forces,1,1,1.0
IB,1,25,Parent Not in Armed Forces,98,346,0.2832369942196532
IB,1,29,Nonbinary,11,11,1.0
IB,1,3,Male,120,299,0.4013377926421405
IB,1,4,American Indian/Alaska Native,32,32,1.0
IB,1,5,Black,131,189,0.6931216931216931
IB,1,6,Hispanic,131,261,0.5019157088122606
IB,1,7,Asian/Pacific Islander,116,199,0.5829145728643216
IB,1,8,White,108,282,0.3829787234042553
IB,1,9,Multiracial,114,139,0.8201438848920863
IB,2,1,All Students,192,566,0.3392226148409894
IB,2,10,General Education Students,190,557,0.34111310592459604
IB,2,11,Students with Disabilities,156,182,0.8571428571428571
IB,2,12,Not English Language Learner,192,565,0.3398230088495575
IB,2,13,English Language Learner,34,35,0.9714285714285714
IB,2,15,Economically Disadvantaged,236,410,0.5756097560975609
IB,2,16,Not Economically Disadvantaged,215,532,0.4041353383458647
IB,2,18,Not Migrant,192,566,0.3392226148409894
IB,2,2,Female,214,515,0.4155339805825243
IB,2,20,Homeless,49,52,0.9423076923076923
IB,2,21,Not Homeless,193,566,0.3409893992932862
IB,2,22,In Foster Care,1,1,1.0
IB,2,23,Not in Foster Care,192,566,0.3392226148409894
IB,2,24,Parent in Armed Forces,1,1,1.0
IB,2,25,Parent Not in Armed Forces,192,566,0.3392226148409894
IB,2,29,Nonbinary,10,10,1.0
IB,2,3,Male,228,463,0.4924406047516199
IB,2,4,American Indian/Alaska Native,35,35,1.0
IB,2,5,Black,185,249,0.7429718875502008
IB,2,6,Hispanic,199,336,0.5922619047619048
IB,2,7,Asian/Pacific Islander,205,293,0.6996587030716723
IB,2,8,White,214,486,0.4403292181069959
IB,2,9,Multiracial,174,194,0.8969072164948454
IB,3,1,All Students,313,820,0.38170731707317074
IB,3,10,General Education Students,303,803,0.37733499377334995
IB,3,11,Students with Disabilities,192,209,0.9186602870813397
IB,3,12,Not English Language Learner,314,819,0.3833943833943834
IB,3,13,English Language Learner,28,29,0.9655172413793104
IB,3,15,Economically Disadvantaged,377,569,0.6625659050966608
IB,3,16,Not Economically Disadvantaged,350,770,0.45454545454545453
IB,3,18,Not Migrant,313,820,0.38170731707317074
IB,3,2,Female,354,740,0.4783783783783784
IB,3,20,Homeless,44,44,1.0
IB,3,21,Not Homeless,314,820,0.3829268292682927
IB,3,22,In Foster Care,1,1,1.0
IB,3,23,Not in Foster Care,313,820,0.38170731707317074
IB,3,24,Parent in Armed Forces,1,1,1.0
IB,3,25,Parent Not in Armed Forces,313,820,0.38170731707317074
IB,3,29,Nonbinary,11,11,1.0
IB,3,3,Male,373,663,0.5625942684766214
IB,3,4,American Indian/Alaska Native,35,35,1.0
IB,3,5,Black,221,274,0.8065693430656934
IB,3,6,Hispanic,329,475,0.6926315789473684
IB,3,7,Asian/Pacific Islander,273,365,0.7479452054794521
IB,3,8,White,343,705,0.48652482269503544
IB,3,9,Multiracial,209,228,0.9166666666666666
IB,4,1,All Students,325,850,0.38235294117647056
IB,4,10,General Education Students,315,833,0.37815126050420167
IB,4,11,Students with Disabilities,206,223,0.9237668161434978
IB,4,12,Not English Language Learner,325,848,0.38325471698113206
IB,4,13,English Language Learner,41,42,0.9761904761904762
IB,4,15,Economically Disadvantaged,382,591,0.6463620981387479
IB,4,16,Not Economically Disadvantaged,375,793,0.4728877679697352
IB,4,18,Not Migrant,325,850,0.38235294117647056
IB,4,2,Female,366,766,0.47780678851174935
IB,4,20,Homeless,62,62,1.0
IB,4,21,Not Homeless,325,849,0.3828032979976443
IB,4,22,In Foster Care,1,1,1.0
IB,4,23,Not in Foster Care,325,850,0.38235294117647056
IB,4,24,Parent in Armed Forces,1,1,1.0
IB,4,25,Parent Not in Armed Forces,325,850,0.38235294117647056
IB,4,29,Nonbinary,11,11,1.0
IB,4,3,Male,381,684,0.5570175438596491
IB,4,4,American Indian/Alaska Native,35,35,1.0
IB,4,5,Black,226,294,0.7687074829931972
IB,4,6,Hispanic,349,499,0.6993987975951904
IB,4,7,Asian/Pacific Islander,276,367,0.7520435967302452
IB,4,8,White,345,707,0.48797736916548795
IB,4,9,Multiracial,209,228,0.9166666666666666
